{
  "summary": {
    "totalFiles": 50,
    "totalLocations": 8509,
    "uniqueAddresses": 8231,
    "addressFieldTypes": [
      "state",
      "title",
      "street",
      "city",
      "address",
      "country",
      "lat",
      "lng",
      "province",
      "zip"
    ],
    "streetPatterns": [
      "contains_rating",
      "starts_with_number",
      "contains_quotes",
      "na_value"
    ]
  },
  "fieldCompleteness": {
    "title": {
      "count": 8509,
      "percentage": "100.0%"
    },
    "street": {
      "count": 8509,
      "percentage": "100.0%"
    },
    "city": {
      "count": 8509,
      "percentage": "100.0%"
    },
    "zip": {
      "count": 1,
      "percentage": "0.0%"
    },
    "address": {
      "count": 8500,
      "percentage": "99.9%"
    }
  },
  "streetIssues": {
    "hasQuotes": 1935,
    "hasRatings": 3323,
    "isNA": 333,
    "isEmpty": 0,
    "hasNumbers": 3759
  },
  "zipStats": {
    "hasZip": 1,
    "zipFormats": [
      "#####"
    ]
  },
  "cityStats": {
    "topCities": [
      {
        "city": "Houston",
        "count": 80
      },
      {
        "city": "Jacksonville",
        "count": 69
      },
      {
        "city": "Columbus",
        "count": 64
      },
      {
        "city": "San Antonio",
        "count": 64
      },
      {
        "city": "Dallas",
        "count": 63
      },
      {
        "city": "Cincinnati",
        "count": 62
      },
      {
        "city": "Austin",
        "count": 60
      },
      {
        "city": "Indianapolis",
        "count": 60
      },
      {
        "city": "Los Angeles",
        "count": 58
      },
      {
        "city": "Memphis",
        "count": 57
      }
    ]
  },
  "sampleAddresses": [
    {
      "state": "AL",
      "title": "Alabaster YMCA",
      "street": "Alabaster YMCA 3.7(62)Non-profit organization",
      "city": "Alabaster",
      "zip": "",
      "address": "117 Plaza Cir, Alabaster, AL 35007",
      "province": "",
      "country": "USA",
      "lat": "33.2187054",
      "lng": "-86.9717035"
    },
    {
      "state": "AL",
      "title": "Midway Truck Stop",
      "street": "Midway Truck Stop 3.1(29)Truck stop",
      "city": "Axis",
      "zip": "",
      "address": "11775 US-43, Axis, AL 36505",
      "province": "",
      "country": "USA",
      "lat": "30.936591",
      "lng": "-88.0434804"
    },
    {
      "state": "AK",
      "title": "Anchorage Parks & Recreation",
      "street": "632 W 6th Ave \"Are kid's very much enjoyed it.\"",
      "city": "Anchorage",
      "zip": "",
      "address": "632 W 6th Ave, Anchorage, AK 99501",
      "province": "",
      "country": "USA",
      "lat": "61.2163299",
      "lng": "-150.0390177"
    },
    {
      "state": "AK",
      "title": "Armed Services YMCA of Alaska",
      "street": "N/A",
      "city": "Anchorage",
      "zip": "",
      "address": "2638 Lauren Creek Loop, Anchorage, AK 99507",
      "province": "",
      "country": "USA",
      "lat": "61.2180749",
      "lng": "-149.9826996"
    },
    {
      "state": "AZ",
      "title": "​Coronado Park",
      "street": "1717 N 12th StPark with a playground",
      "city": "a pool & sports",
      "zip": "",
      "address": "1717 N 12th St, Phoenix, AZ 85006",
      "province": "",
      "country": "USA",
      "lat": "33.4685067",
      "lng": "-112.0914516"
    },
    {
      "state": "AZ",
      "title": "The Caravan Oasis 55+ RV Park",
      "street": "10500 N Frontage Rd+1 928-342-1480 \"Close to large grocery",
      "city": "Ace Hardware everything within a mile.\"",
      "zip": "",
      "address": "10500 N Frontage Rd, Yuma, AZ 85365",
      "province": "",
      "country": "USA",
      "lat": "32.6725032",
      "lng": "-114.4532064"
    },
    {
      "state": "AR",
      "title": "Alexander Community Center #2",
      "street": "N/A",
      "city": "Alexander",
      "zip": "",
      "address": "1003 Mills Park Rd, Bryant, AR 72022",
      "province": "",
      "country": "USA",
      "lat": "34.6166083",
      "lng": "-92.5911652"
    },
    {
      "state": "AR",
      "title": "Lake Norrell Area Association Community Center",
      "street": "5211 B Lake Norrell Rd",
      "city": "Alexander",
      "zip": "",
      "address": "5211 B Lake Norrell Rd, Alexander, AR 72002",
      "province": "",
      "country": "USA",
      "lat": "34.718905",
      "lng": "-92.7831926"
    },
    {
      "state": "CA",
      "title": "Los Cab Sports Club",
      "street": "17272 Newhope StWebsiteDirections \"Lots of pickleball courts",
      "city": "a large",
      "zip": "",
      "address": "17272 Newhope St, Fountain Valley, CA 92708",
      "province": "",
      "country": "USA",
      "lat": "33.7136956",
      "lng": "-117.9971501"
    },
    {
      "state": "CA",
      "title": "City Of Emeryville Robert Savage Recreation Center",
      "street": "5776 BroadwayWebsiteDirections \"Just blocks from Rockridge BART",
      "city": "a neighborhood gem :)\"",
      "zip": "",
      "address": "5776 Broadway, Oakland, CA 94618",
      "province": "",
      "country": "USA",
      "lat": "37.8439574",
      "lng": "-122.3182103"
    },
    {
      "state": "CO",
      "title": "Aspen Park Community Center",
      "street": "26215 Sutton Rd \"Love that it has tables",
      "city": "and a kitchen.\"",
      "zip": "",
      "address": "26215 Sutton Rd, Conifer, CO 80433",
      "province": "",
      "country": "USA",
      "lat": "39.541167",
      "lng": "-105.5879901"
    },
    {
      "state": "CO",
      "title": "Apex Center - check website for pool hours",
      "street": "13150 W 72nd AvePublic skating & instructional programs",
      "city": "Arvada",
      "zip": "",
      "address": "13150 W 72nd Ave, Arvada, CO 80005",
      "province": "",
      "country": "USA",
      "lat": "39.8257976",
      "lng": "-105.4346597"
    },
    {
      "state": "CT",
      "title": "Short Beach Park",
      "street": "CT-113Small beach with sports & play areas \"Always kept very clean",
      "city": "and everyone is usually friendly and respectful.\"",
      "zip": "",
      "address": "CT-113, Stratford, CT 06615",
      "province": "",
      "country": "USA",
      "lat": "41.1649534",
      "lng": "-73.1812407"
    },
    {
      "state": "CT",
      "title": "Ansonia Nature & Recreation Center",
      "street": "10 Deerfield Rd",
      "city": "Ansonia",
      "zip": "",
      "address": "Harrison J Kaiser Hall, New Britain, CT 06053",
      "province": "",
      "country": "USA",
      "lat": "41.344984",
      "lng": "-74.2070885"
    },
    {
      "state": "DE",
      "title": "301 Travel Plaza",
      "street": "301 Travel Plaza 3.8(260)Truck stop",
      "city": "Middletown",
      "zip": "",
      "address": "921 Middletown Warwick Rd, Middletown, DE 19709",
      "province": "",
      "country": "USA",
      "lat": "39.438394",
      "lng": "-75.7571301"
    },
    {
      "state": "DE",
      "title": "Christiana Truck Stop And Grill",
      "street": "Christiana Truck Stop And Grill 4.0(537)Truck stop",
      "city": "New Castle",
      "zip": "",
      "address": "I-495 Exit 2, 520 Terminal Ave, New Castle, DE 19720",
      "province": "",
      "country": "USA",
      "lat": "39.7196301",
      "lng": "-75.5429631"
    },
    {
      "state": "FL",
      "title": "Greenland Chase Community Center",
      "street": "5981 Greenland Chase Blvd \"Require access card to use tennis court",
      "city": ".\"",
      "zip": "",
      "address": "5981 Greenland Chase Blvd, Jacksonville, FL 32258",
      "province": "",
      "country": "USA",
      "lat": "30.1564161",
      "lng": "-81.6190778"
    },
    {
      "state": "FL",
      "title": "Walter Fuller Pool",
      "street": "7883 26th Ave N Sat \"Good price for Open swim",
      "city": "$2 Adult",
      "zip": "",
      "address": "7883 26th Ave N, St Petersburg, FL 33710",
      "province": "",
      "country": "USA",
      "lat": "27.7961072",
      "lng": "-83.035384"
    },
    {
      "state": "GA",
      "title": "Pathway Travel Plaza ADS",
      "street": "Pathway Travel Plaza ADS 2.7(23)Truck stop",
      "city": "Adairsville",
      "zip": "",
      "address": "7746 Adairsville Hwy, Adairsville, GA 30103",
      "province": "",
      "country": "USA",
      "lat": "34.3763135",
      "lng": "-84.9240212"
    },
    {
      "state": "GA",
      "title": "Pattys Truck Stop",
      "street": "Pattys Truck Stop 3.7(982)Truck stop",
      "city": "Adairsville",
      "zip": "",
      "address": "940 Hwy 140 NW, Adairsville, GA 30103",
      "province": "",
      "country": "USA",
      "lat": "34.3777939",
      "lng": "-84.9106945"
    },
    {
      "state": "HI",
      "title": "Newtown Estates Recreation Center",
      "street": "Newtown Estates 4.5(13)",
      "city": "Aiea",
      "zip": "",
      "address": "Newtown Park, 98-456 Kaʻahele St, Aiea, HI 96701",
      "province": "",
      "country": "USA",
      "lat": "21.3980743",
      "lng": "-157.965508"
    },
    {
      "state": "HI",
      "title": "YMCA of Honolulu - Nuuanu Branch",
      "street": "+1 808-536-3556WebsiteDirections \"Great facility",
      "city": "enjoy the pool",
      "zip": "",
      "address": "1441 HI-61, Honolulu, HI 96813",
      "province": "good equipment",
      "country": "USA",
      "lat": "21.3136528",
      "lng": "-157.8911476"
    },
    {
      "state": "ID",
      "title": "Blackfoot Travel Plaza",
      "street": "Blackfoot Travel Plaza 4.2(34)Truck stop",
      "city": "Blackfoot",
      "zip": "",
      "address": "1228 Parkway Dr, Blackfoot, ID 83221",
      "province": "",
      "country": "USA",
      "lat": "43.1960209",
      "lng": "-112.3631558"
    },
    {
      "state": "ID",
      "title": "Sage Hill Truck Stop & Casino",
      "street": "Sage Hill Truck Stop & Casino 4.1(515)Truck stop",
      "city": "Blackfoot",
      "zip": "",
      "address": "843 North, US-91, Blackfoot, ID 83221",
      "province": "",
      "country": "USA",
      "lat": "43.1442202",
      "lng": "-112.3999536"
    },
    {
      "state": "IL",
      "title": "Roady's Atlanta Travel Center",
      "street": "Roady's Atlanta Travel Center 4.4(190)Truck stop",
      "city": "Atlanta",
      "zip": "",
      "address": "102 Empire St, Atlanta, IL 61723",
      "province": "",
      "country": "USA",
      "lat": "40.2577011",
      "lng": "-89.2302157"
    },
    {
      "state": "IL",
      "title": "Douglass Park Pool (Outdoor)",
      "street": "1401 S Sacramento Dr \"The life guards are kind",
      "city": "attentive and patient with kids swimming.\"",
      "zip": "",
      "address": "1401 S Sacramento Dr, Chicago, IL 60623",
      "province": "",
      "country": "USA",
      "lat": "41.8627741",
      "lng": "-87.7180045"
    },
    {
      "state": "IN",
      "title": "Love's Travel Stop",
      "street": "Love's Travel Stop 4.1(697)Truck stop",
      "city": "Angola",
      "zip": "",
      "address": "3443 W Maumee St, Angola, IN 46703",
      "province": "",
      "country": "USA",
      "lat": "41.6337882",
      "lng": "-85.0551297"
    },
    {
      "state": "IN",
      "title": "Aurora Recreation Community Center",
      "street": "404 Green Blvd \"Great place for family activities and very helpful and friendly staff.\"",
      "city": "Aurora",
      "zip": "",
      "address": "404 Green Blvd, Aurora, IN 47001",
      "province": "",
      "country": "USA",
      "lat": "39.063077",
      "lng": "-85.1860289"
    },
    {
      "state": "IA",
      "title": "Holiday Park Aquatic Center",
      "street": "1701 Railroad Ave Sat \"There are four slides",
      "city": "a diving board",
      "zip": "",
      "address": "1701 Railroad Ave, West Des Moines, IA 50265",
      "province": "",
      "country": "USA",
      "lat": "41.5731897",
      "lng": "-93.7621537"
    },
    {
      "state": "IA",
      "title": "Chrome Truck Stop",
      "street": "Chrome Truck Stop 4.4(631)Truck stop",
      "city": "Algona",
      "zip": "",
      "address": "211 US-18, Algona, IA 50511",
      "province": "",
      "country": "USA",
      "lat": "43.0838707",
      "lng": "-94.2400409"
    },
    {
      "state": "KS",
      "title": "Thomas A. Soetaert Aquatic Center",
      "street": "13805 Johnson Dr Mon \"Got lazy pool",
      "city": "a kids area",
      "zip": "",
      "address": "13805 Johnson Dr, Shawnee, KS 66216",
      "province": "",
      "country": "USA",
      "lat": "39.0215041",
      "lng": "-94.8167807"
    },
    {
      "state": "KS",
      "title": "Flatland RV Park",
      "street": "Flatland RV Park 4.3(20)Petrol Station",
      "city": "Abilene",
      "zip": "",
      "address": "2200 N Buckeye Ave, Abilene, KS 67410",
      "province": "",
      "country": "USA",
      "lat": "38.9388436",
      "lng": "-97.2203738"
    },
    {
      "state": "KY",
      "title": "Mary T Meagher Aquatic Center",
      "street": "201 Reservoir AveIndoor pool with swim & fitness classes \"... no one uses the locker room",
      "city": "and they undress right by the pool.\"",
      "zip": "",
      "address": "201 Reservoir Ave, Louisville, KY 40206",
      "province": "",
      "country": "USA",
      "lat": "38.2591095",
      "lng": "-85.698874"
    },
    {
      "state": "KY",
      "title": "Cyril Allgeier Community Center",
      "street": "4101 Cadillac Ct \"Clean bathrooms with supplies",
      "city": "as well as staff monitoring the facility.\"",
      "zip": "",
      "address": "4101 Cadillac Ct, Louisville, KY 40213",
      "province": "",
      "country": "USA",
      "lat": "38.2008684",
      "lng": "-85.7199533"
    },
    {
      "state": "LA",
      "title": "The Roosevelt New Orleans, A Waldorf Astoria Hotel",
      "street": "The Roosevelt New Orleans",
      "city": "A Waldorf Astoria Hotel 4.6(5",
      "zip": "",
      "address": "130 Roosevelt Way, New Orleans, LA 70112",
      "province": "",
      "country": "USA",
      "lat": "29.9543428",
      "lng": "-90.0768044"
    },
    {
      "state": "LA",
      "title": "Exxon",
      "street": "Exxon 3.3(21)Truck stop",
      "city": "Arabi",
      "zip": "",
      "address": "8001 W St Bernard Hwy B, Arabi, LA 70032",
      "province": "",
      "country": "USA",
      "lat": "29.9500689",
      "lng": "-90.0112615"
    },
    {
      "state": "ME",
      "title": "Circle K | Truck Stop",
      "street": "Circle K | Truck Stop 4.2(187)",
      "city": "Auburn",
      "zip": "",
      "address": "1813 Washington St S, Auburn, ME 04210",
      "province": "",
      "country": "USA",
      "lat": "44.0345631",
      "lng": "-70.2723292"
    },
    {
      "state": "ME",
      "title": "Circle K | Truck Stop",
      "street": "Circle K | Truck Stop 5.0(1)Truck stop",
      "city": "Baileyville",
      "zip": "",
      "address": "32 Houlton Rd, Baileyville, ME 04694",
      "province": "",
      "country": "USA",
      "lat": "45.123324",
      "lng": "-67.3530321"
    },
    {
      "state": "MD",
      "title": "Siver Spring",
      "street": "RatingHoursAll filtersResultsSome of these hotel and vacation rental search results may be personalised based on your browsing activity and recent searches on Google",
      "city": "as well as travel confirmations sent to your Gmail.Prices come from Google's partners.All vacation rental reviews and some hotel reviews come from third-party travel sites. Vacation rental reviews are shown as combined ratings of the linked third-party reviews. Reviews aren't verified by Google",
      "zip": "",
      "address": "Silver Spring, MD 20910",
      "province": "",
      "country": "USA",
      "lat": "38.9906657",
      "lng": "-77.0441124"
    },
    {
      "state": "MD",
      "title": "($75) Truck Stop DOT Physical ($75)",
      "street": "TA Travel Center 2.8(1",
      "city": "Baltimore",
      "zip": "",
      "address": "5501 ODonnell Street Cut Off Suite 108, Baltimore, MD 21224",
      "province": "",
      "country": "USA",
      "lat": "39.2779989",
      "lng": "-77.1261347"
    },
    {
      "state": "MA",
      "title": "Connors Memorial Swimming Pool",
      "street": "330 River St Mon \"The water",
      "city": "bathrooms and locker rooms",
      "zip": "",
      "address": "256 Albemarle Rd, Newton, MA 02460",
      "province": "",
      "country": "USA",
      "lat": "42.373361",
      "lng": "-71.3010152"
    },
    {
      "state": "MA",
      "title": "Back Bay Fens",
      "street": "100 Park DrUrban park with gardens & play areas",
      "city": "Boston",
      "zip": "",
      "address": "100 Park Dr, Boston, MA 02215",
      "province": "",
      "country": "USA",
      "lat": "42.3414805",
      "lng": "-71.1136305"
    },
    {
      "state": "MI",
      "title": "Alma Truck Stop",
      "street": "Alma Truck Stop 4.2(153)Truck stop",
      "city": "Alma",
      "zip": "",
      "address": "2400 W Monroe Rd, Alma, MI 48801",
      "province": "",
      "country": "USA",
      "lat": "43.4087618",
      "lng": "-84.6589732"
    },
    {
      "state": "MI",
      "title": "THE CORNER TRUCK STOP",
      "street": "THE CORNER TRUCK STOP 4.3(84)Truck stop",
      "city": "Bad Axe",
      "zip": "",
      "address": "1998 Sand Beach Rd, Bad Axe, MI 48413",
      "province": "",
      "country": "USA",
      "lat": "43.8033625",
      "lng": "-84.0951984"
    },
    {
      "state": "MN",
      "title": "Semi Truck Wash (Trail's Petro/TA Truck Service)",
      "street": "Petro Travel Center 4.1(1",
      "city": "Albert Lea",
      "zip": "",
      "address": "820 Happy Trails Ln, Albert Lea, MN 56007",
      "province": "",
      "country": "USA",
      "lat": "43.6572396",
      "lng": "-93.3222894"
    },
    {
      "state": "MN",
      "title": "ExpressWay Alden",
      "street": "ExpressWay Alden 4.5(21)Truck stop",
      "city": "Alden",
      "zip": "",
      "address": "105 N Star Rd, Alden, MN 56009",
      "province": "",
      "country": "USA",
      "lat": "43.6637569",
      "lng": "-93.5838711"
    },
    {
      "state": "MS",
      "title": "Blackhawk Truck Stop",
      "street": "Blackhawk Truck Stop 4.3(36)Truck stop",
      "city": "Ackerman",
      "zip": "",
      "address": "4839 MS-9, Ackerman, MS 39735",
      "province": "",
      "country": "USA",
      "lat": "33.3828589",
      "lng": "-89.2121381"
    },
    {
      "state": "MS",
      "title": "Walter Payton Health & Recreation Center",
      "street": "+1 601-979-1368Directions \"Fees are affordable",
      "city": "and you receive matching services.\"",
      "zip": "",
      "address": "Jackson, MS 39204",
      "province": "",
      "country": "USA",
      "lat": "32.3343044",
      "lng": "-90.2374699"
    },
    {
      "state": "MO",
      "title": "THE HEIGHTS: The Richmond Heights Community Center",
      "street": "9225 Lackland Rd \"The staff were very helpful",
      "city": "accessible and accommodating.\"",
      "zip": "",
      "address": "2505 S Brentwood Blvd, Brentwood, MO 63144",
      "province": "",
      "country": "USA",
      "lat": "38.6161583",
      "lng": "-90.367631"
    },
    {
      "state": "MO",
      "title": "The J - Chesterfield Gym & Fitness Center",
      "street": "N/A",
      "city": "Ballwin",
      "zip": "",
      "address": "1 Ballwin Commons Cir, Ballwin, MO 63021",
      "province": "",
      "country": "USA",
      "lat": "38.5839854",
      "lng": "-90.6955612"
    },
    {
      "state": "MT",
      "title": "Flying J Dealer--Town Pump Travel Center",
      "street": "Flying J Dealer--Town Pump Travel Center 4.0(1",
      "city": "Billings",
      "zip": "",
      "address": "2775 Old Hardin Rd, Billings, MT 59101",
      "province": "",
      "country": "USA",
      "lat": "45.8129794",
      "lng": "-109.5689534"
    },
    {
      "state": "MT",
      "title": "Trail Star Truck Stop",
      "street": "Trail Star Truck Stop 4.4(521)Truck stop",
      "city": "Glendive",
      "zip": "",
      "address": "11 MT-16 Suite 2, Glendive, MT 59330",
      "province": "",
      "country": "USA",
      "lat": "47.107605",
      "lng": "-104.7404909"
    },
    {
      "state": "NE",
      "title": "Custer's Last Stop",
      "street": "Custer's Last Stop 4.3(110)Truck stop",
      "city": "Ansley",
      "zip": "",
      "address": "79005 NE-2, Ansley, NE 68814",
      "province": "",
      "country": "USA",
      "lat": "41.2780272",
      "lng": "-99.3870285"
    },
    {
      "state": "NE",
      "title": "Arlington Public Swimming Pool",
      "street": "410 W Elm St",
      "city": "Arlington",
      "zip": "",
      "address": "410 W Elm St, Arlington, NE 68002",
      "province": "",
      "country": "USA",
      "lat": "41.4541362",
      "lng": "-96.3711376"
    },
    {
      "state": "NV",
      "title": "ONE9 Travel Center",
      "street": "ONE9 Travel Center 3.9(6",
      "city": "Carlin",
      "zip": "",
      "address": "791 10th St, Carlin, NV 89822",
      "province": "",
      "country": "USA",
      "lat": "40.7197077",
      "lng": "-116.1106196"
    },
    {
      "state": "NV",
      "title": "Aloha Aquatic Center",
      "street": "+1 702-396-2947WebsiteDirections \"The pool and amenities are ALWAYS sanitized",
      "city": "clean and organized!\"",
      "zip": "",
      "address": "3990 N Tenaya Wy 110, Las Vegas, NV 89129",
      "province": "",
      "country": "USA",
      "lat": "36.23272",
      "lng": "-115.3945389"
    },
    {
      "state": "NH",
      "title": "Pilot Dealer",
      "street": "Pilot Dealer 3.3(929)Truck stop",
      "city": "Bow",
      "zip": "",
      "address": "728 NH-3A, Bow, NH 03304",
      "province": "",
      "country": "USA",
      "lat": "43.121688",
      "lng": "-71.4852481"
    },
    {
      "state": "NH",
      "title": "TA Travel Center",
      "street": "TA Travel Center 3.7(971)Truck stop",
      "city": "Greenland",
      "zip": "",
      "address": "108 Ocean Rd, Greenland, NH 03840",
      "province": "",
      "country": "USA",
      "lat": "43.043049",
      "lng": "-70.8227956"
    },
    {
      "state": "NJ",
      "title": "Bayonne Family YMCA",
      "street": "259 Ave E",
      "city": "Bayonne",
      "zip": "",
      "address": "259 Ave E, Bayonne, NJ 07002",
      "province": "",
      "country": "USA",
      "lat": "40.6624278",
      "lng": "-74.2607696"
    },
    {
      "state": "NJ",
      "title": "G. Thomas DiDomenico Bayonne Municipal Pool",
      "street": "Bayonne Municipal Pool",
      "city": "Bayonne",
      "zip": "",
      "address": "Bayonne Municipal Pool, 179 W 16th St, Bayonne, NJ 07002",
      "province": "",
      "country": "USA",
      "lat": "40.6627712",
      "lng": "-74.2736683"
    },
    {
      "state": "NM",
      "title": "Sky City Travel Center",
      "street": "Sky City Travel Center 4.1(4",
      "city": "Acoma Pueblo",
      "zip": "",
      "address": "I-40 and Exit 102, Acoma Pueblo, NM 87034",
      "province": "",
      "country": "USA",
      "lat": "35.0766246",
      "lng": "-107.6296821"
    },
    {
      "state": "NM",
      "title": "Albuquerque Pool Rentals",
      "street": "3911 4th St NW",
      "city": "Albuquerque",
      "zip": "",
      "address": "3911 4th St NW, Albuquerque, NM 87107",
      "province": "",
      "country": "USA",
      "lat": "35.1230291",
      "lng": "-106.6808316"
    },
    {
      "state": "NY",
      "title": "Unity Square Community Center",
      "street": "81 Remsen Ave \"Very helpful and great advice with support if needed",
      "city": "\"",
      "zip": "",
      "address": "81 Remsen Ave, New Brunswick, NJ 08901",
      "province": "",
      "country": "USA",
      "lat": "40.4876739",
      "lng": "-74.5891911"
    },
    {
      "state": "NY",
      "title": "Cazenovia Park",
      "street": "Warren Spahn WayPicturesque lawns",
      "city": "a creek & sports \"Clean well kept trails",
      "zip": "",
      "address": "Warren Spahn Way, Buffalo, NY 14220",
      "province": "playground",
      "country": "USA",
      "lat": "42.8492395",
      "lng": "-78.8781531"
    },
    {
      "state": "NC",
      "title": "Huntersville Park And Recreation",
      "street": "508 Dellwood Dr \"The pricing for the hall",
      "city": "along with a deposit",
      "zip": "",
      "address": "943 W Sugar Creek Rd, Charlotte, NC 28213",
      "province": "",
      "country": "USA",
      "lat": "35.2724827",
      "lng": "-81.0847174"
    },
    {
      "state": "NC",
      "title": "Community Family Life & Recreation Center at Lyon Park",
      "street": "1050 Town Hall Dr b \"... place for a family gathering",
      "city": "ample parking",
      "zip": "",
      "address": "1050 Town Hall Dr b, Morrisville, NC 27560",
      "province": "",
      "country": "USA",
      "lat": "35.8367119",
      "lng": "-78.9836884"
    },
    {
      "state": "ND",
      "title": "Patriot Fuels",
      "street": "Patriot Fuels 4.1(526)Truck stop",
      "city": "Alexander",
      "zip": "",
      "address": "14070 US-85, Alexander, ND 58831",
      "province": "",
      "country": "USA",
      "lat": "47.8042768",
      "lng": "-103.6009498"
    },
    {
      "state": "ND",
      "title": "TA Express Travel Center",
      "street": "TA Express Travel Center 3.7(714)Truck stop",
      "city": "Alexander",
      "zip": "",
      "address": "14256 US-85, Alexander, ND 58831",
      "province": "",
      "country": "USA",
      "lat": "47.8051475",
      "lng": "-103.6811467"
    },
    {
      "state": "OH",
      "title": "Groveport Recreation Center",
      "street": "7370 Groveport RdOpens soon 1 pm \"They have two slides",
      "city": "a lazy river",
      "zip": "",
      "address": "7370 Groveport Rd, Groveport, OH 43125",
      "province": "kiddie pool area",
      "country": "USA",
      "lat": "39.8523981",
      "lng": "-82.9050428"
    },
    {
      "state": "OH",
      "title": "Gahanna Swimming Pool",
      "street": "148 Parkland Dr \"Two great pools",
      "city": "a water fountain area and slide.\"",
      "zip": "",
      "address": "148 Parkland Dr, Gahanna, OH 43230",
      "province": "",
      "country": "USA",
      "lat": "40.0153128",
      "lng": "-82.9147464"
    },
    {
      "state": "OK",
      "title": "Casey's",
      "street": "Casey's 3.4(16)Truck stop",
      "city": "Altus",
      "zip": "",
      "address": "2516 E Broadway St, Altus, OK 73521",
      "province": "",
      "country": "USA",
      "lat": "34.6342811",
      "lng": "-99.3128089"
    },
    {
      "state": "OK",
      "title": "Lansbrook Pool",
      "street": "6001 Lansbrook LnWebsiteDirections \"Everyone is friendly",
      "city": "and the lifeguards are great.\"",
      "zip": "",
      "address": "6001 Lansbrook Ln, Oklahoma City, OK 73132",
      "province": "",
      "country": "USA",
      "lat": "35.5628569",
      "lng": "-97.6418052"
    },
    {
      "state": "OR",
      "title": "EZ Trip Travel Center",
      "street": "EZ Trip Travel Center 4.1(619)Truck stop",
      "city": "Albany",
      "zip": "",
      "address": "33380 OR-34, Albany, OR 97322",
      "province": "",
      "country": "USA",
      "lat": "44.5554221",
      "lng": "-123.0620896"
    },
    {
      "state": "OR",
      "title": "Jack's Truck Stop",
      "street": "Jack's Truck Stop 4.0(286)Truck stop",
      "city": "Albany",
      "zip": "",
      "address": "4196 Santiam Hwy SE, Albany, OR 97322",
      "province": "",
      "country": "USA",
      "lat": "44.6290156",
      "lng": "-123.0567341"
    },
    {
      "state": "PA",
      "title": "Hillside Recreation Center",
      "street": "201 Fountain StSports facilities",
      "city": "a pool & ball fields Mon",
      "zip": "",
      "address": "201 Fountain St, Philadelphia, PA 19128",
      "province": "",
      "country": "USA",
      "lat": "40.0338818",
      "lng": "-75.3008236"
    },
    {
      "state": "PA",
      "title": "Chapel Valley Swim Club",
      "street": "118 Bainbridge DrWebsiteDirections \"Pools are heated and very clean with lifeguards on duty.\"",
      "city": "Aliquippa",
      "zip": "",
      "address": "118 Bainbridge Dr, Aliquippa, PA 15001",
      "province": "",
      "country": "USA",
      "lat": "40.6314824",
      "lng": "-80.3629186"
    },
    {
      "state": "RI",
      "title": "Route 24 N Truck Parking",
      "street": "Route 24 N Truck Parking 4.7(3)Truck stop",
      "city": "Tiverton",
      "zip": "",
      "address": "859 Victory Hwy, West Greenwich, RI 02817",
      "province": "",
      "country": "USA",
      "lat": "41.6420994",
      "lng": "-72.3467886"
    },
    {
      "state": "SC",
      "title": "Dunes West CommunityCenter",
      "street": "3926 Seafood Rd",
      "city": "Awendaw",
      "zip": "",
      "address": "3926 Seafood Rd, Awendaw, SC 29429",
      "province": "",
      "country": "USA",
      "lat": "32.8792905",
      "lng": "-80.0251253"
    },
    {
      "state": "SC",
      "title": "Antioch Community Center",
      "street": "339 State Rd S-11-21 \"have many events there spaces alot kitty great place\"",
      "city": "Blacksburg",
      "zip": "",
      "address": "339 State Rd S-11-21, Blacksburg, SC 29702",
      "province": "",
      "country": "USA",
      "lat": "35.1410769",
      "lng": "-81.7395716"
    },
    {
      "state": "SD",
      "title": "Truck Towne Travel Plaza",
      "street": "Truck Towne Travel Plaza 4.0(1",
      "city": "Beresford",
      "zip": "",
      "address": "47018 SD-46, Beresford, SD 57004",
      "province": "",
      "country": "USA",
      "lat": "43.0841472",
      "lng": "-96.807017"
    },
    {
      "state": "SD",
      "title": "Circle K | Truck Stop",
      "street": "Hilltop Truck Stop 4.1(157)Truck stop",
      "city": "Blunt",
      "zip": "",
      "address": "1821 S Burr St, Mitchell, SD 57301",
      "province": "",
      "country": "USA",
      "lat": "44.5060227",
      "lng": "-104.6830036"
    },
    {
      "state": "TN",
      "title": "Germantown Parks and Recreation",
      "street": "8628 Farmington BlvdAthletic facilities",
      "city": "a lake & BBQ grills",
      "zip": "",
      "address": "8628 Farmington Blvd, Germantown, TN 38139",
      "province": "",
      "country": "USA",
      "lat": "35.100758",
      "lng": "-89.8478117"
    },
    {
      "state": "TN",
      "title": "Antioch Community Center",
      "street": "5023 Blue Hole Rd Mon \"The building was nice and clean.\"",
      "city": "Antioch",
      "zip": "",
      "address": "5023 Blue Hole Rd, Antioch, TN 37013",
      "province": "",
      "country": "USA",
      "lat": "36.0557025",
      "lng": "-86.8171068"
    },
    {
      "state": "TX",
      "title": "Kidd Springs Recreation Center",
      "street": "711 W Canty StPool",
      "city": "& a duck pond",
      "zip": "",
      "address": "711 W Canty St, Dallas, TX 75208",
      "province": "",
      "country": "USA",
      "lat": "32.7531092",
      "lng": "-96.8522871"
    },
    {
      "state": "TX",
      "title": "Alief Neighborhood Center",
      "street": "11903 Bellaire Blvd \"A gym",
      "city": "a tech \"Maker\" space",
      "zip": "",
      "address": "11903 Bellaire Blvd, Houston, TX 77072",
      "province": "public library",
      "country": "USA",
      "lat": "29.7027778",
      "lng": "-95.7330845"
    },
    {
      "state": "UT",
      "title": "El Bambi Cafe & Truck Stop",
      "street": "El Bambi Cafe & Truck Stop 4.7(609)",
      "city": "Beaver",
      "zip": "",
      "address": "935 N Main St, Beaver, UT 84713",
      "province": "",
      "country": "USA",
      "lat": "38.286788",
      "lng": "-112.6462741"
    },
    {
      "state": "UT",
      "title": "Ernie's Truck Plaza",
      "street": "Ernie's Truck Plaza 4.2(116)Truck stop",
      "city": "Beaver",
      "zip": "",
      "address": "1035 N Main St, Beaver, UT 84713",
      "province": "",
      "country": "USA",
      "lat": "38.2880945",
      "lng": "-112.6463514"
    },
    {
      "state": "VT",
      "title": "Maplewood Vermont Travelers Service Center",
      "street": "Maplewood Vermont Travelers Service Center 3.6(83)Truck stop",
      "city": "Berlin",
      "zip": "",
      "address": "159 Paine Turnpike N, Berlin, VT 05602",
      "province": "",
      "country": "USA",
      "lat": "44.2117406",
      "lng": "-72.5804594"
    },
    {
      "state": "VT",
      "title": "ATM (Fair Haven Travel Center)",
      "street": "Mac's Truck Stop 4.0(13)Truck stop",
      "city": "Fair Haven",
      "zip": "",
      "address": "22 Washington St Ext A, Fair Haven, VT 05743",
      "province": "",
      "country": "USA",
      "lat": "43.6042651",
      "lng": "-73.280439"
    },
    {
      "state": "VA",
      "title": "Student Recreation & Well-Being Center",
      "street": "1251 W 42nd St \"The staff",
      "city": "administrators and amenities are 10/10!\"",
      "zip": "",
      "address": "4700 Powhatan Ave, Norfolk, VA 23529",
      "province": "",
      "country": "USA",
      "lat": "36.8818119",
      "lng": "-76.3220939"
    },
    {
      "state": "VA",
      "title": "YMCA Alexandria",
      "street": "YMCA Alexandria 3.7(99)Non-profit organization",
      "city": "Alexandria",
      "zip": "",
      "address": "420 E Monroe Ave, Alexandria, VA 22301",
      "province": "",
      "country": "USA",
      "lat": "38.8212482",
      "lng": "-77.1263779"
    },
    {
      "state": "WA",
      "title": "Shadle Park Aquatic Center",
      "street": "2005 W Wellesley Ave \"Good pool with fun slides",
      "city": "a great little kid area",
      "zip": "",
      "address": "2005 W Wellesley Ave, Spokane, WA 99207",
      "province": "",
      "country": "USA",
      "lat": "47.7001018",
      "lng": "-117.4457581"
    },
    {
      "state": "WA",
      "title": "ONE9 Dealer",
      "street": "ONE9 Dealer 5.0(1)Truck stop",
      "city": "Arlington",
      "zip": "",
      "address": "1801 Pioneer Hwy US I-5, Exit 208, Arlington, WA 98223",
      "province": "",
      "country": "USA",
      "lat": "48.18815",
      "lng": "-122.210666"
    },
    {
      "state": "WV",
      "title": "Little Sandy's Truck Stop",
      "street": "Little Sandy's Truck Stop 4.2(873)Truck stop",
      "city": "Bruceton Mills",
      "zip": "",
      "address": "44 Fuel Dr, Bruceton Mills, WV 26525",
      "province": "",
      "country": "USA",
      "lat": "39.657006",
      "lng": "-79.6429105"
    },
    {
      "state": "WV",
      "title": "K & T Truck Stop",
      "street": "K & T Truck Stop 3.8(641)Truck stop",
      "city": "Fairmont",
      "zip": "",
      "address": "RR 3 Box 8B, 73 Meadowdale Rd, Fairmont, WV 26554",
      "province": "",
      "country": "USA",
      "lat": "39.4957999",
      "lng": "-80.1074229"
    },
    {
      "state": "WI",
      "title": "Ottawa Lake Recreation Area",
      "street": " \"Nice state park campground",
      "city": "(fee to enter )",
      "zip": "",
      "address": "Dousman, WI 53118",
      "province": "",
      "country": "USA",
      "lat": "42.9376961",
      "lng": "-88.7663183"
    },
    {
      "state": "WI",
      "title": "Rodeway Inn Abbotsford",
      "street": "Colby Travel Center 3.7(3)Truck stop",
      "city": "Abbotsford",
      "zip": "",
      "address": "300 Elderberry Rd, Abbotsford, WI 54405",
      "province": "",
      "country": "USA",
      "lat": "44.9299444",
      "lng": "-90.3169356"
    },
    {
      "state": "WY",
      "title": "Buffalo Sinclair",
      "street": "Buffalo Sinclair 5.0(1)Truck stop",
      "city": "Buffalo",
      "zip": "",
      "address": "74 US-16, Buffalo, WY 82834",
      "province": "",
      "country": "USA",
      "lat": "44.3548757",
      "lng": "-106.6891155"
    },
    {
      "state": "WY",
      "title": "Love's Travel Stop",
      "street": "Love's Travel Stop 4.3(58)Truck stop",
      "city": "Buffalo",
      "zip": "",
      "address": "190 US-16, Buffalo, WY 82834",
      "province": "",
      "country": "USA",
      "lat": "44.3571152",
      "lng": "-106.6667523"
    }
  ],
  "extractedAt": "2025-09-27T10:46:22.531Z"
}